{
    "executionRoleArn": "arn:aws:iam::123456789101:role/ecsTaskExecutionRole",
    "containerDefinitions": [
        {
            "name": "sample-website",
            "image": "nginx",
            "essential": true,
            "portMappings": [
                {
                    "hostPort": 0,
                    "protocol": "tcp",
                    "containerPort": 80
                }
            ]
        }
    ],
    "requiresCompatibilities": [
        "EC2"
    ],
    "networkMode": "bridge",
    "cpu": "512",
    "memory": "1024",
    "family": "skills-td"
}