{
    "widgets": [
        {
            "type": "metric",
            "x": 0,
            "y": 0,
            "width": 6,
            "height": 6,
            "properties": {
                "metrics": [
                    [ { "expression": "SELECT AVG(pod_cpu_utilization) FROM SCHEMA(ContainerInsights, ClusterName,Namespace,Service) WHERE ClusterName = 'skills-cluster' AND Namespace = 'skills' GROUP BY Service", "label": "", "id": "q1" } ]
                ],
                "view": "timeSeries",
                "stacked": false,
                "region": "us-east-1",
                "stat": "Average",
                "period": 60,
                "title": "CPU"
            }
        },
        {
            "type": "metric",
            "x": 6,
            "y": 0,
            "width": 6,
            "height": 6,
            "properties": {
                "metrics": [
                    [ { "expression": "SELECT AVG(pod_memory_utilization) FROM SCHEMA(ContainerInsights, ClusterName,Namespace,Service) WHERE ClusterName = 'skills-cluster' AND Namespace = 'skills' GROUP BY Service", "label": "", "id": "q1", "region": "us-east-1" } ]
                ],
                "view": "timeSeries",
                "stacked": false,
                "region": "us-east-1",
                "stat": "Average",
                "period": 60,
                "title": "Memory"
            }
        },
        {
            "type": "metric",
            "x": 12,
            "y": 0,
            "width": 6,
            "height": 6,
            "properties": {
                "metrics": [
                    [ { "expression": "SELECT AVG(pod_network_rx_bytes) FROM SCHEMA(ContainerInsights, ClusterName,Namespace,Service) WHERE ClusterName = 'skills-cluster' AND Namespace = 'skills' GROUP BY Service", "label": "", "id": "q1", "region": "us-east-1" } ]
                ],
                "view": "timeSeries",
                "stacked": false,
                "region": "us-east-1",
                "stat": "Average",
                "period": 60,
                "title": "Network Rx"
            }
        },
        {
            "type": "metric",
            "x": 18,
            "y": 0,
            "width": 6,
            "height": 6,
            "properties": {
                "metrics": [
                    [ { "expression": "SELECT AVG(pod_network_tx_bytes) FROM SCHEMA(ContainerInsights, ClusterName,Namespace,Service) WHERE ClusterName = 'skills-cluster' AND Namespace = 'skills' GROUP BY Service", "label": "", "id": "q1", "region": "us-east-1" } ]
                ],
                "view": "timeSeries",
                "stacked": false,
                "region": "us-east-1",
                "stat": "Average",
                "period": 60,
                "title": "Network Tx"
            }
        },
        {
            "type": "metric",
            "x": 0,
            "y": 6,
            "width": 6,
            "height": 6,
            "properties": {
                "metrics": [
                    [ { "expression": "SELECT AVG(service_number_of_running_pods) FROM SCHEMA(ContainerInsights, ClusterName,Namespace,Service) WHERE ClusterName = 'skills-cluster' AND Namespace = 'skills' GROUP BY Service", "label": "", "id": "q1", "region": "us-east-1" } ]
                ],
                "view": "timeSeries",
                "stacked": false,
                "region": "us-east-1",
                "stat": "Average",
                "period": 60,
                "title": "Pod Count"
            }
        }
    ]
}