{
    "containerDefinitions": [
        {
            "name": "stress",
            "image": "<IMAGE1_NAME>",
            "cpu": 256,
            "memory": 512,
            "memoryReservation": 512,
            "links": [],
            "portMappings": [
                {
                    "containerPort": 8080,
                    "hostPort": 8080,
                    "protocol": "tcp"
                }
            ],
            "essential": true,
            "entryPoint": [],
            "command": [],
            "environment": [],
            "environmentFiles": [],
            "mountPoints": [],
            "volumesFrom": [],
            "secrets": [],
            "privileged": false,
            "dnsServers": [],
            "dnsSearchDomains": [],
            "extraHosts": [],
            "dockerSecurityOptions": [],
            "dockerLabels": {},
            "ulimits": [],
            "logConfiguration": {
                "logDriver": "awslogs",
                "options": {
                    "awslogs-group": "/aws/stress",
                    "awslogs-region": "ap-northeast-2"
                },
                "secretOptions": []
            },
            "healthCheck": {
                "command": [
                    "CMD-SHELL",
                    "wget --no-verbose --tries=1 --spider http://localhost:8080/healthcheck || exit 1"
                ],
                "interval": 15,
                "timeout": 5,
                "retries": 3,
                "startPeriod": 60
            },
            "systemControls": []
        }
    ],
    "family": "stress",
    "taskRoleArn": "arn:aws:iam::200148130345:role/stress-ap-role",
    "executionRoleArn": "arn:aws:iam::200148130345:role/stress-ap-execution-role",
    "networkMode": "awsvpc",
    "volumes": [],
    "placementConstraints": [],
    "compatibilities": [
        "EC2"
    ],
    "requiresCompatibilities": [
        "EC2"
    ],
    "cpu": "256",
    "memory": "512"
}


